UMAP_1,UMAP_2,cluster
9.416348,9.49288,5
9.1856165,11.3708515,5
10.499352,7.897077,5
10.866833,8.291434,5
10.474443,7.8188853,5
2.6750686,11.087471,1
9.532335,7.8130903,5
11.656305,8.504312,5
10.801893,9.053922,5
11.287736,8.244607,5
10.399418,11.777873,5
10.651103,12.009586,5
9.025356,11.227375,5
8.95771,9.7660885,5
8.972291,7.806712,5
10.542795,11.821184,5
10.393354,7.7465696,5
-2.425076,11.27708,4
8.223997,8.619399,5
4.1742353,12.085005,7
9.3794775,10.252101,5
9.385633,9.944185,5
5.145661,11.14933,0
10.339193,10.19367,5
11.639627,8.83038,5
-2.2450264,10.0822935,4
8.773538,-0.29852176,-1
10.050349,9.812132,5
-2.0380807,11.186207,4
8.56958,10.674926,5
-2.4264488,11.173238,4
-1.8325075,11.9644375,4
3.3233018,13.04092,7
4.5104303,11.156914,0
12.775636,7.7843614,6
-1.5869423,11.372383,4
9.954409,10.4235525,5
5.5129395,11.28232,0
11.971767,8.874141,5
9.814409,10.927166,5
8.817925,9.64539,5
0.86420953,11.425607,3
8.758128,10.598512,5
-2.992537,11.102106,4
-1.1715697,10.531414,4
-2.9471471,11.117613,4
5.483656,11.195745,0
-2.2765422,10.926232,4
8.090514,8.600039,5
-2.9333751,10.728384,4
-1.8112351,9.098888,4
-2.1674392,11.452196,4
-1.4314778,10.939481,4
13.115702,8.151459,6
12.144933,9.083274,5
5.578811,11.356179,0
-2.8291948,11.036004,4
11.242143,9.516834,5
9.807235,8.117331,5
-2.2730114,10.836133,4
11.25612,9.423521,5
10.882139,9.427915,5
12.350589,10.65239,5
-1.774023,9.16451,4
-1.5815665,10.688284,4
-3.0530784,10.661652,4
-1.771581,11.815462,4
-2.8527904,9.776195,4
-0.9240161,10.833976,4
0.57211363,11.672712,3
3.0809019,12.999526,7
9.631528,12.020326,5
11.663108,8.523017,5
0.26842833,12.134922,3
12.628442,10.654052,5
-2.2013166,10.882393,4
-1.0451826,9.70239,4
10.373827,9.7866335,5
13.283139,7.989638,6
10.821574,9.872196,5
-0.80168194,9.983182,4
12.652504,10.433374,5
0.7764146,11.64973,3
0.41826862,11.984827,3
8.621883,13.348921,2
-2.7078335,11.411678,4
-2.5592136,10.215328,4
9.738666,10.547566,5
8.280916,13.205541,2
9.505975,7.755568,5
7.6408315,14.167203,2
-2.4950871,9.804281,4
-2.7290483,9.660787,4
1.7730783,12.734731,3
2.039813,12.250957,-1
12.306035,8.070512,6
9.385432,7.8344574,5
12.555766,10.239761,5
0.60843456,11.799931,3
7.734498,14.206739,2
10.384722,11.654694,5
7.2825623,14.041962,2
8.845479,7.7604775,5
-1.7215104,9.106313,4
-2.284564,10.369684,4
9.1178,9.391275,5
11.216313,9.617622,5
2.5334914,11.458486,1
0.40881148,12.117035,3
8.660472,7.5200644,5
8.296486,13.324952,2
12.356245,10.748594,5
-1.8985877,11.730427,4
12.589166,10.590422,5
-1.0058995,12.216042,4
-1.5136406,10.951532,4
0.80859846,12.631219,3
7.0789375,13.36415,2
9.307782,12.789319,5
-1.1138736,9.720066,4
8.496443,7.902535,5
9.742336,10.12389,5
6.9127345,13.343415,2
-2.0894022,10.042825,4
-2.054011,10.052989,4
8.985044,9.734053,5
8.560285,7.709073,5
8.245451,13.256784,2
12.563774,7.500045,6
9.7300415,10.791525,5
3.1346092,13.297034,7
-2.27596,11.296412,4
5.380795,10.867507,0
-1.2281759,9.001076,4
12.350262,10.436036,5
8.196656,8.527596,5
12.414963,8.004886,6
9.615613,12.521318,5
-2.2816503,10.754649,4
8.859889,10.899608,5
-3.0413048,11.31754,4
11.1618595,8.1997795,5
2.8746893,13.826713,8
-1.6543934,8.928623,4
12.397931,10.5223055,5
10.57185,8.967153,5
7.3476152,13.224724,2
3.2675397,14.002333,8
9.706571,11.936653,5
-0.81973165,9.264263,4
11.325357,10.066011,5
9.426733,11.539199,5
9.377131,8.756377,5
9.04957,10.587039,5
5.643509,11.357772,0
4.072502,12.227889,7
-2.5181086,10.028265,4
9.051633,12.506334,-1
-0.44967565,11.268375,-1
10.437792,9.105722,5
10.810006,9.900561,5
7.2931433,14.041112,2
10.955629,9.398523,5
12.5212345,10.865562,5
-1.526875,9.904948,4
2.4949682,11.64772,1
8.912523,-0.4961326,-1
-3.07966,10.674941,4
10.186611,12.236768,5
12.626447,8.202349,6
12.061979,7.589875,6
7.584225,13.342634,2
2.7767668,11.053629,1
0.31645745,12.098586,3
12.203676,10.399364,5
10.195948,12.397,5
2.4276805,11.74857,1
9.925963,12.077546,5
-3.505487,10.747117,4
9.491176,8.697466,5
-1.9461871,11.596381,4
10.595916,12.428693,5
-1.2366108,12.038407,4
11.264953,9.775454,5
10.283577,12.457226,5
-1.6929656,11.353282,4
-2.3382092,9.928896,4
10.296801,7.7786145,5
8.408474,13.968076,2
10.710991,8.837232,5
10.682142,10.364533,5
8.469851,9.600917,5
0.5159114,12.326957,3
-1.2903086,12.173978,4
0.5069904,11.791423,3
1.2564263,12.520961,3
10.828287,9.922723,5
10.666961,11.189359,5
3.9783885,13.62966,-1
3.2898848,13.238524,7
7.5281363,13.2552805,2
12.53897,9.376092,5
9.539747,11.707749,5
10.469874,12.430658,5
9.4235735,12.647703,5
8.123229,13.345039,2
-2.1553419,9.009849,4
11.054096,11.560413,5
9.693308,12.4852495,5
8.868362,10.041158,5
2.8669238,11.032073,1
10.938597,11.277654,5
12.587109,8.760711,-1
9.712873,8.16622,5
12.688827,7.710317,6
-1.5784667,9.244777,4
3.1737561,14.196035,8
-0.0775407,10.663711,4
9.893484,10.433456,5
4.751541,10.650427,0
12.209673,9.908869,5
-1.1375688,10.86361,4
2.9349298,13.926413,8
3.8279026,12.453006,-1
-0.91903055,10.268316,4
-1.3884847,8.875652,4
8.856177,-0.45813623,-1
9.774908,10.545438,5
7.4578986,12.590084,-1
0.29487315,11.823109,3
3.2610784,14.105646,8
-3.158374,10.156108,4
11.52194,9.428777,5
11.05081,9.958825,5
9.293183,9.327102,5
10.202663,10.851676,5
8.520369,13.76436,2
-0.848377,9.20291,4
-0.8080602,9.8969145,4
-2.5971181,10.277035,4
8.633553,13.834584,2
9.960934,11.312417,5
8.126992,13.509295,2
-1.9503337,11.129304,4
10.510196,8.919515,5
10.679582,11.194217,5
5.877661,11.542974,0
0.6490133,12.212252,3
8.11156,8.673581,5
11.342404,9.302245,5
11.736151,9.671591,5
10.106992,11.611686,5
11.142855,10.606737,5
-2.8060338,11.007335,4
-2.8496664,10.549837,4
10.028741,7.6647344,5
-1.5462562,10.601517,4
12.7593775,7.28503,6
-0.82597995,9.341694,4
0.51520795,10.998032,3
12.156476,9.129701,5
11.084706,9.868343,5
5.1468234,11.240855,0
10.16517,8.545542,5
-1.4391154,10.988316,4
8.105577,13.677484,2
2.5820715,11.347644,1
10.460662,8.824097,5
8.602303,7.857177,5
-0.73084164,10.126475,4
-0.9335509,10.975172,4
11.7695055,10.122132,5
-1.1942903,9.341484,4
9.31778,11.030297,5
12.707384,10.19544,5
-2.9774556,10.198627,4
-3.0498435,11.262419,4
10.293084,11.307487,5
8.652698,7.585346,5
10.925883,12.042687,5
-2.3751771,10.9956255,4
-1.6952882,10.57448,4
11.0851345,9.860999,5
9.509303,10.105316,5
1.3404834,12.546029,3
-2.773664,11.488242,4
7.2561207,13.31738,2
12.289797,9.031823,5
9.139708,7.5848174,5
-1.8919743,11.001397,4
10.558775,11.309288,5
1.560643,12.575249,3
12.616988,7.3721914,6
5.03518,10.966919,0
10.740035,12.4909525,5
-2.0588193,11.803043,4
10.175186,8.250629,5
1.129136,12.478321,3
4.034065,12.236211,7
-2.8563817,9.974769,4
9.472853,12.326772,5
10.363304,9.927009,5
2.4651897,13.649559,-1
2.4330065,11.704294,1
11.81756,8.8514805,5
12.568828,10.895753,5
-2.0656064,11.54311,4
12.039142,8.931637,5
10.544059,10.4129305,5
4.952628,11.249688,0
12.387033,9.954518,5
8.806983,10.382434,5
9.286471,7.963346,5
9.334597,11.710023,5
-0.02298093,11.238683,3
-1.2852868,10.276705,4
12.766594,7.949773,6
-2.2079062,10.534303,4
12.280452,9.594937,5
7.9823446,12.896377,2
-0.95714307,9.236336,4
-1.5453949,10.932997,4
8.125812,8.783859,5
10.399393,10.676981,5
10.088593,11.157557,5
7.73996,13.244039,2
11.406696,9.561501,5
-1.0067055,11.99909,4
3.8896904,13.673214,-1
10.867302,8.060823,5
6.52825,12.6620655,-1
12.179863,9.176243,5
12.664972,10.704991,5
-1.6176659,10.50977,4
-1.6239157,10.507243,4
3.9915974,12.298011,7
9.349266,8.9697275,5
9.636303,12.439898,5
-2.9423344,10.120598,4
8.858664,9.703832,5
-2.0036356,10.3606615,4
-0.94081753,9.172267,4
-0.23876445,10.087426,4
0.1851919,11.343013,3
12.141041,10.440786,5
10.354759,11.37904,5
10.015315,10.230466,5
9.5326,12.496428,5
3.3842134,13.664295,-1
9.826337,9.121269,5
-0.58039725,10.54584,4
-2.3263369,8.81268,4
-2.9503076,10.209345,4
-3.0735724,11.3370075,4
11.994957,8.845923,5
11.814489,9.72755,5
11.698901,8.809968,5
11.181076,10.163565,5
8.383182,8.044179,5
-1.6137269,9.157971,4
12.621261,7.3053293,6
9.492862,11.323214,5
8.853272,9.969569,5
8.2390175,10.301354,5
-2.3467555,9.853897,4
-0.8172347,9.210261,4
0.22700867,11.893107,3
11.174504,9.28149,5
10.952813,8.046118,5
10.704882,9.657931,5
10.711837,9.040896,5
2.6079752,11.296515,1
9.279986,9.469295,5
12.04246,11.5940275,-1
10.36827,8.905468,5
-0.9645496,9.908431,4
-1.7101732,10.783761,4
-2.2302947,8.830706,4
4.4804587,11.158308,0
3.00303,13.04955,7
10.060883,10.862812,5
8.652215,9.069046,5
-1.5243374,11.797542,4
9.651406,12.05275,5
8.216863,13.369288,2
12.826657,7.777584,6
9.308872,7.9619365,5
9.2968445,9.093957,5
-1.3324395,10.470685,4
10.439454,11.795311,5
9.28414,9.791887,5
3.2392068,12.992175,7
9.830077,9.132118,5
10.675567,9.246763,5
-1.7510078,10.96431,4
8.904973,7.6155815,5
9.410461,11.29559,5
8.919026,11.047794,5
12.3450365,7.474577,6
8.722673,9.191453,5
9.207632,9.694488,5
9.237462,8.904724,5
8.015673,13.090806,2
-0.60080606,10.237207,4
5.662556,11.395253,0
8.801113,10.04416,5
3.7324057,12.5018,7
8.42028,9.597821,5
11.667226,7.6287513,6
9.996455,7.8541,5
-2.5122292,9.710687,4
11.548275,9.806968,5
9.309455,8.903153,5
-2.0040467,11.649717,4
3.042113,14.04753,8
12.107979,9.247758,5
10.708085,11.259943,5
5.026774,11.1138315,0
1.1161441,11.565794,3
0.15059961,10.554269,3
-1.8716438,10.525648,4
3.0620968,14.179161,8
4.9332833,10.875318,0
10.713499,10.789186,5
2.9389243,14.114705,8
7.575362,13.164166,2
11.932486,9.367642,5
10.54863,9.728273,5
3.1283178,13.129163,7
-2.8934731,10.665038,4
9.282609,10.466742,5
0.83290815,12.16563,3
8.390694,8.189923,5
10.084226,10.525035,5
-1.8415608,11.069868,4
10.017419,8.184088,5
11.133657,9.606117,5
9.986245,12.330974,5
9.654252,11.65248,5
-2.945237,11.211361,4
-1.4805958,11.669838,4
10.411569,12.04229,5
11.431485,8.533035,5
8.116672,8.574316,5
9.560823,10.784572,5
10.577352,10.262799,5
8.458047,13.977235,2
10.919151,10.949437,5
0.7003906,11.523405,3
0.40613723,11.920315,3
0.24578972,11.817575,3
10.30316,10.975669,5
-2.1734416,10.616473,4
8.2220745,13.979888,2
10.218078,10.581506,5
-2.2130435,9.008229,4
8.500144,13.368297,2
1.2486506,12.671135,3
9.098224,11.291456,5
7.516464,14.071895,2
9.50824,12.479267,5
9.058739,9.25561,5
9.029988,7.618773,5
5.3291483,10.817485,0
10.796355,12.431731,5
-1.3624094,9.775403,4
12.657983,7.6701016,6
-2.0786655,11.512727,4
10.774853,9.245017,5
2.8222368,11.043531,1
-0.37458864,10.650809,4
10.037337,12.209227,5
8.549635,13.6827345,2
0.55895364,10.751519,3
9.707317,10.501514,5
12.394665,9.147996,5
10.038189,8.490244,5
10.02266,8.935148,5
10.979825,12.087563,5
-0.72939163,9.833394,4
0.48917526,10.7279825,3
-2.55676,11.0845175,4
11.140453,10.050322,5
-3.067224,10.00955,4
10.580264,11.135312,5
1.3925653,12.371024,3
0.89375395,11.661517,3
4.7557964,11.088459,0
10.597103,9.099747,5
-0.02046138,11.241046,3
-1.7733208,8.72527,4
4.97981,11.033283,0
8.846445,8.609049,5
11.818516,7.6510344,6
13.190571,8.172504,6
-2.9371526,9.956484,4
11.408471,9.353405,5
10.723435,11.505684,5
11.397571,9.242794,5
12.052779,11.574686,-1
12.619713,9.703853,5
9.128212,9.617916,5
8.134191,13.5965605,2
8.310614,10.419559,5
12.770611,7.432181,6
-3.0749867,10.057092,4
-0.96352214,12.181465,4
-0.8134225,9.170587,4
-3.1283996,10.823912,4
12.363576,10.180605,5
9.155909,11.815361,5
-1.2281187,9.52234,4
9.070932,11.6770935,5
4.4389563,11.174459,0
9.642468,12.495428,5
-1.1305741,9.98441,4
-1.4618804,12.113121,4
10.008254,11.461411,5
9.648083,9.197236,5
10.293391,11.979346,5
9.542383,8.05228,5
12.61816,7.3669767,6
11.6000395,8.394308,5
10.329921,7.6987686,5
-1.9028745,10.056007,4
4.1186132,12.268262,7
2.937579,13.719987,8
2.4457808,11.687998,1
12.529329,10.606532,5
-2.7950776,11.190589,4
5.855399,11.423572,0
4.691935,10.656343,0
2.842313,13.7086735,8
8.152201,13.365137,2
5.1070642,11.166994,0
9.2669115,9.819626,5
12.536945,10.653086,5
2.2528267,11.894077,1
8.479821,14.037844,2
-2.8948863,10.589481,4
10.103102,12.363059,5
11.659265,9.516359,5
-1.7140297,8.776055,4
0.6635771,11.410811,3
7.4140286,14.120435,2
0.8637162,11.347653,3
3.221566,14.006024,8
2.8702064,13.69979,8
13.067488,7.975279,6
8.691846,8.223784,5
-2.4453745,9.430482,4
11.088235,11.606063,5
12.437813,9.829402,5
10.915369,11.056411,5
-0.84597665,9.251897,4
0.42556903,12.020348,3
10.478331,8.997512,5
10.511799,9.150809,5
-0.7974289,9.759842,4
8.68938,13.540506,2
11.085129,9.670113,5
3.0587049,13.78658,8
-0.76898354,9.865006,4
9.2657,11.731492,5
7.837494,14.08388,2
8.852262,7.6620874,5
-2.130898,11.674294,4
-1.3560038,11.774772,4
0.5030859,11.79773,3
8.332476,14.009025,2
13.034875,7.801224,6
7.8707,14.1012945,2
11.645176,7.924436,5
1.0770797,12.564419,3
-1.2424083,10.36144,4
12.497062,7.4015765,6
8.642287,7.9954667,5
1.0472724,12.390335,3
-2.1635337,11.436999,4
11.019139,10.091127,5
8.918847,9.374557,5
-2.8770058,9.775492,4
4.9676085,10.992041,0
10.469177,11.216069,5
10.272145,10.740042,5
7.2733703,12.9817505,2
11.056505,10.771614,5
8.576484,8.488805,5
-2.156574,9.079169,4
8.729302,10.990858,5
9.137982,10.585901,5
11.115319,8.183067,5
-1.6148032,10.5131855,4
-2.3164806,9.539418,4
1.2876835,12.555203,3
-0.920938,9.80189,4
11.964333,10.260646,5
10.050916,11.5151825,5
3.1284962,14.326728,8
13.221935,8.09288,6
9.666911,10.469602,5
3.1083045,13.88567,8
-1.1150213,10.367367,4
8.456469,8.905841,5
11.097689,11.667966,5
10.429135,9.058394,5
3.1486397,14.266618,8
12.057889,9.625168,5
-2.1425235,10.208311,4
6.745276,12.62867,-1
12.76243,7.4006658,6
-1.4440165,10.5665455,4
0.37266862,10.68884,3
-1.9677277,11.862052,4
4.080513,12.224252,7
-0.6811591,9.9583845,4
8.141962,8.6879835,5
10.361308,12.479227,5
-2.7243822,10.828024,4
8.840723,9.477161,5
-1.824372,11.3790245,4
8.457648,10.586383,5
10.744041,10.84983,5
10.252308,7.7058716,5
-1.7973087,11.30679,4
-1.3416305,10.390619,4
-2.6442883,10.746852,4
11.0541725,11.387547,5
3.8106523,14.171548,-1
9.352772,9.027637,5
2.9876068,13.955623,8
4.9302998,11.091136,0
-3.3990839,10.736872,4
10.910735,8.377507,5
11.35722,8.65929,5
3.1867867,13.259762,7
12.74482,7.2906933,6
-1.5653573,8.822811,4
-2.1899657,10.411449,4
12.714195,7.274645,6
3.4623182,13.957994,8
1.0938616,11.668164,3
9.000544,8.954102,5
9.29108,11.815109,5
-0.82906777,12.34459,4
12.6096735,7.331416,6
10.279955,12.461967,5
11.712101,7.6335745,6
12.0496855,10.289124,5
0.80805796,11.534369,3
11.925409,9.434732,5
3.1969337,13.077983,7
9.931363,8.818416,5
10.272132,9.581682,5
8.17237,13.917071,2
-3.0773258,11.197863,4
-1.6055449,10.386568,4
10.06248,7.681345,5
11.065534,8.813859,5
3.4758203,12.922056,7
-2.8696384,11.022264,4
-2.1872337,9.779478,4
0.9171389,12.075158,3
10.019256,12.421313,5
10.900871,11.69947,5
8.28224,10.447401,5
9.007085,10.888126,5
1.2855941,12.201234,3
10.776236,10.872402,5
-2.0990121,10.367144,4
-1.6067796,10.179322,4
9.372977,8.120443,5
4.8441052,10.832134,0
8.903361,-0.46977374,-1
8.542498,13.964219,2
2.9222744,13.008132,7
10.616596,9.244092,5
-1.8892242,8.747262,4
0.95146614,11.705866,3
4.1360736,12.152236,7
8.266892,10.424562,5
10.815713,9.433034,5
4.4918847,11.160796,0
1.0867546,12.579282,3
4.190756,12.075181,7
-2.0503416,10.631229,4
12.02269,9.787858,5
8.672287,8.418217,5
2.6302137,11.317713,1
11.26448,10.508001,5
-2.9917574,11.2123995,4
12.371623,8.139175,-1
3.3223817,13.987721,8
8.314393,8.143627,5
12.922852,7.8308363,6
-2.9804325,11.190098,4
8.4321165,13.94511,2
-1.8053672,8.983385,4
4.672197,10.664931,0
7.4607115,13.139094,2
-3.4992833,10.739254,4
-1.4540852,9.87449,4
-3.5904784,10.728239,4
8.206316,9.0313835,5
10.207217,7.681522,5
10.432441,8.966626,5
-1.4110725,9.675941,4
-2.2227883,9.047329,4
1.0537167,12.263838,3
-1.3569115,9.867084,4
8.351457,10.45502,5
9.498141,10.486278,5
7.5505614,14.125228,2
-2.3943546,9.374477,4
2.9035354,11.02068,1
9.611088,10.311344,5
12.185919,9.047099,5
1.0239824,12.368529,3
8.471615,8.985686,5
-1.5255367,10.850411,4
10.960613,9.941214,5
8.463113,13.889119,2
3.0012784,13.930924,8
0.4545888,12.146768,3
10.224363,8.668664,5
-0.7368927,12.399467,4
12.581609,9.408013,5
-2.4563637,9.997218,4
9.191173,10.618786,5
8.397827,8.421058,5
-2.2123983,9.269841,4
4.216222,12.041404,7
-2.9875484,11.490513,4
9.873486,11.660171,5
0.59633124,11.711378,3
8.851714,-0.4168714,-1
3.080486,14.079438,8
1.3199558,12.623121,3
8.342416,13.928375,2
12.208917,9.616418,5
8.95753,-0.54532975,-1
4.9720173,10.837179,0
9.547769,10.449429,5
-1.5474601,10.607332,4
9.513426,8.115595,5
10.608254,8.95752,5
12.2462845,8.973427,5
11.135337,11.52407,5
12.130835,8.996674,5
0.6785722,12.252012,3
10.659627,12.035144,5
8.239413,14.072619,2
9.865065,7.6843677,5
-3.5756044,11.153961,4
10.665424,7.9303627,5
8.247965,10.416584,5
10.050757,10.409159,5
1.0105768,11.538283,3
1.2216464,12.416078,3
11.088703,11.5568075,5
-0.8205714,9.1721735,4
-1.9900316,10.252189,4
9.005564,9.703647,5
10.790232,11.172703,5
3.1341085,14.283862,8
-3.0288327,10.63577,4
-1.2727567,10.399972,4
-0.91350603,10.97067,4
8.237121,8.611768,5
9.364391,9.309128,5
3.7756584,14.222428,-1
-2.7350104,9.879441,4
9.279355,8.8891535,5
-0.9900471,9.491852,4
12.120541,7.5573134,6
2.950185,13.177279,7
10.97344,9.996087,5
7.214926,13.691953,2
9.51153,12.570879,5
10.911194,8.458338,5
11.562688,10.622247,5
10.889873,10.968948,5
2.99999,13.714492,8
9.755988,12.364115,5
13.161602,7.966296,6
7.5027595,13.953406,2
9.547089,9.282126,5
0.55588955,11.211042,3
8.10552,8.795923,5
3.3441477,13.597992,-1
-1.6296889,10.544284,4
11.003014,9.590847,5
9.043786,11.979917,5
-1.4535979,9.857065,4
-0.9908074,11.8376875,4
9.65503,10.188657,5
10.879954,11.075466,5
8.676428,10.723208,5
8.96282,-0.54723793,-1
9.42148,11.852466,5
-2.696611,10.104913,4
0.48788282,12.676985,3
12.346305,9.911509,5
0.33784404,12.006714,3
-1.928636,10.879349,4
8.696908,9.122551,5
9.783097,10.080296,5
2.62079,11.224597,1
8.894648,10.901948,5
7.3237185,13.299035,2
-2.8449233,10.613584,4
-2.2678907,10.104527,4
12.579486,10.751955,5
9.596343,7.8057957,5
6.7026353,12.689358,-1
-1.4313797,9.984158,4
0.34863082,12.310651,3
0.42280698,12.320669,3
-3.3547976,10.712441,4
9.856124,8.15157,5
0.47440946,11.854881,3
11.841511,8.76418,5
8.540132,10.537839,5
11.359643,9.223863,5
8.498602,8.402665,5
12.650527,7.307816,6
-2.0248263,8.882667,4
9.583759,12.385915,5
11.191447,9.066114,5
-1.423872,9.450139,4
-1.0587491,11.009308,4
8.872516,-0.4976915,-1
10.520232,7.755646,5
-1.4157693,10.921783,4
5.4819226,11.326227,0
-2.6336746,11.201685,4
9.776479,7.8323545,5
10.490698,7.88959,5
10.018635,12.2404,5
10.875557,9.874608,5
0.2593512,11.765181,3
0.60827965,11.514357,3
10.992519,12.037752,5
-2.4638743,9.303461,4
9.399776,9.083801,5
11.925748,10.059646,5
11.718553,8.50417,5
10.567859,10.228385,5
-0.75641906,9.767355,4
11.197946,8.436194,5
9.625806,10.9942045,5
8.513474,9.344792,5
2.943806,13.801415,8
9.707391,11.328906,5
-1.9158334,8.800356,4
10.656356,8.230749,5
-0.744266,9.738793,4
-2.2911143,10.915976,4
3.1781836,13.004706,7
4.7931075,11.177857,0
-2.0714934,8.985949,4
8.7030525,7.944463,5
8.283793,8.260747,5
5.37434,10.815262,0
10.2421255,11.082145,5
4.602155,11.162524,0
8.507406,8.371426,5
5.1039886,11.229073,0
9.095796,11.833955,5
4.627488,11.097802,0
-2.701532,10.518114,4
10.645844,9.280778,5
8.182615,13.465327,2
-0.9395613,9.744531,4
-2.2387216,9.575891,4
12.609129,10.87061,5
2.9234543,13.824718,8
-0.78590596,10.404986,4
8.828215,13.516667,2
1.0919161,12.363928,3
8.929694,-0.5118107,-1
8.341521,13.503673,2
-2.4034164,11.046406,4
10.652145,10.25693,5
2.8256097,13.708519,8
1.6664828,12.750698,3
0.40803057,10.601901,3
8.039278,13.730696,2
12.969433,7.766887,6
9.955071,12.3176,5
0.6314746,11.224157,3
8.15152,14.0384865,2
-3.229676,11.271783,4
-1.0317339,9.880473,4
-0.22365265,10.064753,4
3.6889699,12.570068,7
-1.0798125,9.614365,4
8.481227,8.072224,5
-2.8380418,9.844065,4
9.785657,12.368478,5
2.907232,13.012824,7
8.645067,9.011582,5
-3.1945732,10.581415,4
0.11342548,10.743848,3
9.9867325,12.2540455,5
8.458211,10.603148,5
10.054625,10.610795,5
11.92982,9.668431,5
-1.3112469,10.526803,4
-3.026059,10.361515,4
-3.6044133,11.148678,4
10.293094,10.902778,5
9.899456,10.300157,5
-1.5186921,12.199826,4
3.9117844,13.628214,-1
8.865876,13.037337,2
10.520157,11.314615,5
8.797127,9.6443405,5
-2.868476,10.035193,4
8.930841,-0.5117592,-1
9.523837,7.8184423,5
8.282423,9.3291645,5
11.878202,7.5754623,6
3.7307055,13.614655,-1
8.472804,7.9449024,5
9.286883,10.61475,5
2.7480886,13.489791,8
10.931019,11.996912,5
9.20293,10.573033,5
7.592242,14.033261,2
10.956157,8.073278,5
-2.21934,9.934406,4
7.6800976,13.178799,2
0.62939763,11.498761,3
-2.1804113,9.557995,4
6.779989,12.7174635,-1
10.232827,11.355839,5
7.306207,12.963303,2
8.457889,14.020838,2
4.682222,10.629563,0
2.630641,13.367377,-1
-1.3546164,10.964623,4
9.758845,12.242109,5
5.3832054,11.25931,0
10.65698,12.24136,5
7.639416,13.288467,2
10.195347,10.775638,5
12.493321,7.423383,6
8.601281,8.467617,5
10.634432,10.994208,5
8.668737,13.416698,2
12.6670885,10.750761,5
9.477451,10.040964,5
6.946934,13.356141,2
-2.5614328,9.409698,4
8.873022,-0.44744363,-1
13.033198,7.803913,6
10.63061,10.887469,5
-2.1321797,8.906409,4
-1.9089468,10.016355,4
2.5942638,12.716321,-1
3.0000458,13.9113865,8
-1.9396968,10.08208,4
10.328667,11.759198,5
-0.79979926,9.911634,4
11.040767,8.626581,5
8.863977,-0.459541,-1
12.027368,9.410654,5
-3.5804474,11.202803,4
12.262344,9.019254,5
11.503518,12.108686,-1
9.244416,9.5089,5
12.327207,9.797265,5
9.925983,11.607163,5
5.5029817,11.188877,0
8.549825,9.249873,5
0.6367182,11.347116,3
-0.78863484,9.784729,4
10.481699,9.7227545,5
10.586861,11.19006,5
-1.0202885,12.166187,4
10.335708,10.689379,5
11.351626,9.443924,5
4.047591,13.627741,-1
8.533367,10.261291,5
11.63844,9.274096,5
8.545915,8.383052,5
8.326483,8.211093,5
0.50997347,10.730748,3
2.9326544,13.812704,8
-2.516989,9.847566,4
9.113064,8.089953,5
-2.8516953,11.419677,4
9.550382,8.757692,5
7.7660155,13.910527,2
10.964105,10.882165,5
9.225486,9.185635,5
0.54894286,11.695164,3
0.52376246,12.710299,3
12.756304,7.9208612,6
12.716091,10.490849,5
2.8816006,13.960058,8
10.63201,9.394471,5
11.848152,9.351478,5
-1.0773787,11.768188,4
0.40950084,12.563195,3
8.885449,10.407263,5
-1.694366,10.056262,4
-3.55811,11.202042,4
8.133432,8.84873,5
12.5555725,7.473565,6
-2.254249,9.786262,4
3.1302717,13.085087,7
2.9437613,10.999145,1
10.506908,7.7417555,5
11.185858,10.593742,5
8.911175,-0.5022923,-1
8.098128,13.543958,2
-3.0610447,10.296155,4
3.052545,14.050507,8
-1.5293976,9.149293,4
10.597105,9.657427,5
10.123968,11.170819,5
-1.4083807,9.858066,4
8.265027,10.447017,5
7.7727284,12.902686,2
0.27859575,11.891768,3
4.7537823,10.970952,0
10.251052,12.391935,5
0.25913584,11.318746,3
12.655541,10.570882,5
7.574663,13.859486,2
9.268772,9.796508,5
3.1814566,13.203383,7
2.561107,11.24582,1
10.839152,9.407428,5
10.638183,12.029422,5
9.816194,10.747315,5
-3.0109947,11.17339,4
10.703629,12.4684725,5
11.334729,12.236377,-1
12.477919,10.756787,5
11.699718,9.392435,5
9.484786,10.825042,5
-1.7227157,10.191068,4
10.509906,10.38198,5
8.917489,-0.49212396,-1
11.880645,9.741608,5
8.224229,8.744885,5
2.1922379,13.0641165,3
10.237359,9.028363,5
8.6093645,9.289,5
12.6046715,10.264611,5
8.974733,9.823157,5
-2.8553705,10.086253,4
11.07701,8.1930275,5
11.140758,10.481162,5
10.674976,11.081034,5
10.435415,11.188709,5
11.803064,9.489214,5
3.252838,14.016702,8
10.226489,10.153986,5
9.73946,8.479526,5
9.1611,7.9437165,5
10.614468,10.098569,5
-3.4982452,11.282504,4
8.252835,13.973024,2
9.622807,8.391131,5
-1.5023465,10.884268,4
2.7691264,11.078283,1
-1.9252256,11.694636,4
4.1173325,12.20217,7
3.2679589,13.26435,7
11.606315,9.672707,5
8.923176,-0.4965017,-1
10.37176,10.713689,5
3.2404542,14.273573,8
12.92837,8.192675,6
7.959314,13.909325,2
3.5491378,12.692025,7
8.812579,9.642174,5
12.676099,10.13948,5
8.870928,9.932698,5
-2.8630342,10.123,4
10.655542,8.092613,5
13.113506,7.926708,6
9.182808,7.630387,5
9.334148,8.193567,5
8.196826,8.564592,5
10.597538,12.356796,5
0.21506713,11.8260355,3
0.2664372,11.885552,3
-2.248122,9.583788,4
-1.772617,10.168648,4
-1.9308358,11.908585,4
12.166746,9.97571,5
9.404026,9.848702,5
-0.12784505,11.579582,3
8.34347,8.738302,5
9.879035,10.5515995,5
4.973185,11.043604,0
1.2345175,12.205752,3
8.461949,13.872041,2
11.989251,9.550711,5
-0.9699407,12.185118,4
8.879436,-0.4479797,-1
-2.9722202,10.760413,4
0.5597198,10.78844,3
9.429151,9.431458,5
12.015461,9.283879,5
10.580335,10.216111,5
12.669651,7.604364,6
8.312945,8.47399,5
0.33276385,11.978252,3
5.5976267,11.35564,0
-1.308809,9.857091,4
2.8960133,14.037303,8
-3.006125,10.623489,4
-2.5919108,10.860139,4
0.512815,10.985937,3
-2.2371924,10.431644,4
1.1059335,12.363911,3
-0.8354919,9.192037,4
3.5393288,14.278493,-1
-1.2694199,10.542331,4
12.319506,9.729879,5
-0.8373187,11.038478,4
12.140439,9.064162,5
10.751489,9.033177,5
10.581353,10.901867,5
10.745092,7.8831353,5
6.7736387,12.67364,-1
-3.621184,11.034698,4
9.733861,12.252107,5
12.641613,7.2513967,6
-1.8917254,10.028822,4
9.497939,10.56088,5
11.099048,8.249162,5
-0.18210925,10.089063,-1
10.266861,10.135884,5
10.261822,8.6750965,5
10.79754,7.9894743,5
-1.484734,10.688008,4
2.94082,13.716475,8
3.1001844,14.2609415,8
8.512236,13.294054,2
5.3174715,10.807647,0
12.900521,8.148193,6
9.2944,11.890178,5
-1.4589896,12.025103,4
-1.4535316,10.92733,4
9.58238,11.213791,5
-2.3453982,9.489929,4
-2.9371774,10.255194,4
9.196927,8.315678,5
9.36938,9.298876,5
9.4531145,9.16361,5
10.252467,9.695973,5
10.517999,9.398963,5
8.162606,8.72491,5
0.25911564,11.303231,3
7.009313,13.368541,2
-2.287605,11.338252,4
4.80414,11.173238,0
10.865437,8.107759,5
2.778149,10.997384,1
-0.653515,10.312201,4
13.293292,7.9804354,6
11.091182,9.499209,5
10.939488,9.429626,5
-1.4879453,12.166375,4
-1.9742943,10.55883,4
3.2683156,14.247973,8
8.679034,8.482914,5
12.568419,7.4369607,6
10.836341,12.472441,5
8.065858,13.257749,2
10.758211,10.214585,5
8.901659,-0.48498943,-1
0.61413556,10.891478,3
13.333385,8.051373,6
-1.7747185,9.403167,4
13.061792,7.74196,6
2.601069,11.415138,1
7.5825753,14.118592,2
5.1079273,11.066323,0
7.424761,13.179415,2
11.734961,8.862057,5
8.679181,10.418621,5
10.581643,10.293725,5
-1.9030684,11.552215,4
0.3152533,10.686755,3
7.643496,13.703677,2
-2.7956426,11.475283,4
-1.815289,10.029272,4
11.056422,8.881241,5
9.653902,8.16939,5
12.3434725,11.076541,5
8.100986,8.712652,5
3.059834,14.016097,8
6.759602,13.275281,2
7.6154604,13.925795,2
-1.1035506,10.380021,4
-2.2268546,9.514156,4
-1.7115494,11.18142,4
10.511493,10.207792,5
9.059878,11.999522,5
-3.1554499,11.331059,4
8.665231,13.4399,2
1.3036261,12.545925,3
9.727725,7.915958,5
3.4339206,13.464338,7
9.991068,9.976039,5
8.889275,8.111032,5
9.113887,7.6751747,5
9.882807,10.759362,5
8.240499,8.502314,5
3.2735837,12.954762,7
9.72039,10.873076,5
10.984544,10.213881,5
2.9402847,14.074569,8
-2.3684008,11.144935,4
3.0061982,13.751064,8
5.4663434,10.699173,0
10.353838,10.346563,5
-1.580727,11.339039,4
1.3983936,12.360952,3
11.662034,10.364742,5
-2.892234,11.098376,4
9.225437,8.766342,5
-1.3674084,11.143546,4
-1.6997612,8.766683,4
0.033185184,10.865247,3
5.3366838,10.770503,0
-2.447069,9.933951,4
12.111352,9.8109665,5
4.9466324,11.051823,0
9.541246,12.438894,5
5.8784256,11.546256,0
-2.2946513,10.3382635,4
-1.0928429,10.369443,4
-1.0076318,10.0170965,4
8.79509,-0.3392091,-1
9.843276,11.573647,5
3.604775,12.63723,7
8.380693,9.345295,5
11.34374,9.846041,5
9.220381,9.552638,5
3.1068919,14.292026,8
0.93376505,12.288353,3
4.8071666,11.135568,0
-1.0188252,12.109119,4
12.274903,9.430681,5
8.365045,13.934461,2
11.291448,8.247633,5
7.865321,14.069863,2
-1.8683842,10.521865,4
12.575541,10.740446,5
9.557778,11.706615,5
11.054055,8.957967,5
8.380702,13.921283,2
12.747196,7.2674527,6
-3.0073323,11.239212,4
12.429249,9.909419,5
9.396225,9.005364,5
2.8542874,13.0053625,7
4.465438,11.156687,0
10.690485,11.792103,5
-2.5373805,9.9313135,4
4.108896,12.24649,7
-1.5414861,10.322222,4
9.692944,7.9560766,5
9.482708,12.434693,5
3.8687704,12.416748,7
9.071243,9.672931,5
11.293097,9.511874,5
11.339029,9.75,5
10.289718,10.992015,5
8.526207,10.756513,5
11.573394,8.29891,5
9.475669,11.945369,5
3.293511,14.3253,8
10.708502,9.896685,5
-1.0706877,10.40162,4
8.17003,13.979636,2
-2.897727,11.2104025,4
3.1315224,14.111797,8
-0.6482683,10.449916,4
-2.3725848,11.492113,4
12.902607,8.4148035,6
9.97024,11.826516,5
11.022511,9.942897,5
0.7220377,11.223051,3
2.5479546,11.489685,1
12.210869,9.190625,5
8.343346,14.1137,2
11.912157,9.350201,5
10.269006,10.773484,5
10.861254,9.340924,5
10.2727585,10.35987,5
-2.2427378,11.425727,4
8.064592,12.850235,2
11.773598,8.384978,5
11.480769,8.890166,5
-1.4590561,11.374674,4
-0.8390828,10.628997,4
5.2741237,10.815574,0
8.648036,7.9080453,5
-2.0834959,8.753335,4
11.622366,9.129195,5
-1.3094044,10.723573,4
0.67504835,12.420236,3
9.098934,9.657469,5
12.750316,7.8725686,6
-1.8778244,9.989866,4
9.156452,10.405308,5
8.877613,-0.4426325,-1
10.757251,8.929188,5
12.184237,9.740999,5
-0.6102577,10.283614,4
-1.6454146,11.340055,4
-1.0547165,12.142914,4
8.711106,10.382828,5
12.882474,7.8035774,6
10.624346,10.322256,5
8.7331505,9.104971,5
0.96166444,11.52317,3
11.145869,11.393585,5
-1.2112157,10.270411,4
8.923442,8.885059,5
9.948194,11.780274,5
-2.265032,9.596497,4
-1.8950065,11.547511,4
12.085802,10.372177,5
-2.4080737,9.889984,4
10.393155,8.151709,5
9.595241,8.960435,5
4.4476514,11.12406,0
0.5928462,11.013352,3
12.039861,9.326065,5
-2.854811,9.91033,4
11.921913,9.668594,5
12.604922,7.3570023,6
-1.7357968,11.446929,4
9.98381,10.485722,5
3.5822995,12.636504,-1
11.009416,10.653967,5
8.441846,7.9875026,5
-1.1002918,11.978072,4
-2.1458812,9.608049,4
11.449745,8.311493,5
11.804803,9.625096,5
5.251304,10.857517,0
-0.6153436,10.316375,4
10.750178,9.767843,5
10.575955,12.049672,5
3.2022552,13.323798,7
3.8112967,12.471554,7
11.368979,10.108642,5
3.0447776,13.830895,8
12.173896,9.419603,5
9.705484,11.861522,5
8.891901,-0.4747233,-1
5.1836615,11.134176,0
1.1200721,12.601205,3
2.3295608,11.885966,1
8.942086,9.290418,5
7.4000235,13.244991,2
12.8175,7.67638,6
7.235098,13.33235,2
8.703497,7.518691,5
-1.1123341,9.921942,4
-1.4016201,10.032363,4
11.223031,10.642955,5
10.130252,11.412091,5
7.249976,14.0023365,2
-3.041501,11.169717,4
6.7854347,13.34888,2
0.5881016,11.436664,3
0.55039006,10.917886,3
-1.8748317,11.695236,4
-0.81127393,12.364358,4
8.955368,-0.54273605,-1
-1.4588296,12.049652,4
8.923616,9.715433,5
10.56228,9.070492,5
-0.015251763,11.393604,3
12.404543,10.548574,5
-1.8530054,10.252858,4
8.879865,11.054361,5
12.177089,9.719072,5
4.7087164,10.6555805,0
10.648934,12.375908,5
8.402577,8.03585,5
10.879789,11.063108,5
11.745844,9.69453,5
9.790281,8.222685,5
-0.9528705,12.309834,4
-2.8003416,9.722777,4
10.30295,12.396785,5
3.0119457,13.693459,8
2.6208107,11.345556,1
-1.2487248,10.469375,4
9.661189,10.649039,5
8.3917465,8.18892,5
9.961347,9.835274,5
-1.3347422,10.662201,4
12.808871,7.6222963,6
-1.966053,10.118454,4
1.8484706,12.891,3
12.174944,8.910138,5
7.5182586,13.922133,2
0.43270802,12.204395,3
10.738938,9.110761,5
10.685158,10.058868,5
1.2071778,12.547785,3
11.269502,10.081923,5
5.0920057,10.734839,0
10.48282,9.291776,5
9.387648,8.213424,5
2.9575686,14.172705,8
7.503467,13.238462,2
11.836952,9.973581,5
-2.1897666,9.049566,4
10.5108595,11.154885,5
9.168254,12.710027,5
10.38287,10.765069,5
8.060039,8.716107,5
0.4414581,12.131119,3
11.238085,8.351707,5
9.591375,12.382515,5
11.53712,9.65832,5
-0.6658748,12.440073,4
9.742103,11.320996,5
0.13807744,12.132765,3
12.641733,7.29883,6
10.630766,11.719804,5
11.086988,10.501723,5
9.353144,8.054831,5
13.275687,8.009029,6
10.329777,12.1452675,5
13.195162,8.201228,6
-2.0347393,8.803934,4
-1.3307222,9.357753,4
10.041766,9.925806,5
4.196909,12.061155,7
10.129599,7.681546,5
9.216003,10.426697,5
11.224917,9.126822,5
11.306657,8.966873,5
3.2269292,14.014327,8
9.168925,9.892691,5
-2.2858994,9.89845,4
9.176402,11.837355,5
0.43054608,10.652353,3
11.019668,11.349559,5
11.867333,9.781189,5
7.0793915,13.317165,2
12.440254,9.333855,5
-2.847519,11.219359,4
11.0936365,11.547261,5
1.9058614,12.899792,3
11.929905,7.5762105,6
-1.1482664,10.456375,4
-1.6708847,11.386094,4
12.012155,10.2517185,5
-0.5409796,12.444948,4
10.670122,10.357802,5
-2.075079,10.751527,4
0.10651027,11.746672,3
11.009172,8.859465,5
-1.7430025,8.737981,4
8.352342,8.198422,5
1.2368581,12.633187,3
9.593921,10.008541,5
7.4730215,13.86378,2
-0.8147996,9.770179,4
8.732311,13.32322,2
7.4395237,13.182135,2
-1.5468308,10.570601,4
-1.2936578,9.4693575,4
9.584151,8.140041,5
-0.87327856,11.08304,4
8.357245,8.399177,5
0.47484812,11.828366,3
9.073236,9.037397,5
13.270796,7.9362116,6
-3.5239174,10.806072,4
-1.0628718,12.104475,4
9.821826,10.521127,5
-1.3183609,10.531775,4
-0.8278278,10.903718,4
9.143801,10.428015,5
10.812406,12.472791,5
-2.9298222,10.724995,4
-0.71907514,12.439399,4
5.3057394,11.07294,0
3.3581734,13.966285,8
3.2004225,13.044356,7
-2.1516347,10.48101,4
10.733438,11.859511,5
10.192199,11.322826,5
3.2877994,12.90658,7
9.767524,11.4084015,5
-1.8328074,9.956877,4
10.649291,12.50306,5
2.773569,11.037974,1
2.961632,14.077453,8
0.13989551,10.554589,3
12.2365055,10.429731,5
8.690128,13.560239,2
0.8150136,11.868163,3
7.965087,13.356348,2
3.284838,14.309448,8
9.36419,9.695575,5
9.59796,10.859401,5
10.614166,7.8456244,5
10.158863,10.8643675,5
4.0823555,12.130227,7
13.339598,8.056711,6
-1.5985245,11.90718,4
-2.8759634,10.509911,4
1.2866358,12.631757,3
13.044302,8.126185,6
10.017877,9.784986,5
-1.9610884,9.515324,4
9.595056,11.18667,5
9.349498,9.856329,5
5.2652187,10.833077,0
8.658522,13.308146,2
10.511807,9.2961035,5
9.370477,9.749703,5
-0.33221364,9.894382,4
10.903335,10.018593,5
4.5508447,11.150777,0
9.297347,8.698862,5
10.576464,7.8755617,5
7.4002466,13.486739,2
12.888119,8.148371,6
9.890566,8.257847,5
1.2506084,12.668848,3
-1.8213603,8.817934,4
7.1780176,13.472227,2
8.328411,13.929899,2
9.66615,8.462966,5
9.440213,12.608603,5
-2.4794455,11.264846,4
1.11683,12.739087,3
1.7786573,12.919792,3
11.767086,8.394168,5
10.673807,7.922119,5
5.080353,11.208941,0
9.550228,11.301336,5
12.702427,7.875826,6
3.9797227,13.618276,-1
8.938,-0.5233264,-1
9.188438,7.6771026,5
-2.8388903,9.893052,4
11.650811,7.7938595,6
8.098932,8.714736,5
11.626452,11.93125,-1
8.677887,13.565381,2
9.598503,10.971585,5
-2.8272681,10.025812,4
-2.7811797,9.734786,4
11.92602,9.284025,5
10.204002,12.326228,5
10.324726,11.32056,5
-0.6582932,10.497434,4
9.759556,10.718275,5
12.004375,9.324433,5
10.328733,8.499855,5
10.351338,9.723609,5
13.169904,7.8972597,6
11.086704,9.943015,5
9.175987,8.622527,5
-2.4485888,11.195382,4
12.179088,9.677076,5
-2.9597054,10.167216,4
10.082089,11.754228,5
8.529015,10.632216,5
9.957775,10.2506,5
12.253723,9.858278,5
3.25481,14.165785,8
-1.6964782,11.532872,4
7.6893373,13.289603,2
10.638035,12.493089,5
1.1193033,12.4077015,3
7.8627796,13.130706,2
0.39301026,10.635964,3
8.58011,10.763958,5
7.1640553,13.506535,2
11.4249325,12.036056,-1
11.388022,9.569725,5
2.2401054,13.102107,3
-2.2018867,9.460688,4
10.285832,10.907006,5
-2.4513881,9.9763775,4
0.579502,10.98514,3
13.040089,7.682992,6
0.568531,10.880447,3
3.483642,14.042862,8
5.008195,10.968467,0
-1.0075543,9.677722,4
11.211677,10.647893,5
9.921097,12.323973,5
-3.0949602,10.248481,4
2.8707108,14.061157,8
0.3497398,11.07795,3
10.553522,8.934288,5
2.6503792,11.168047,1
9.973513,10.941652,5
8.687807,8.704483,5
6.0410666,11.693958,0
11.406773,10.0675535,5
2.897727,13.662992,8
-2.984998,11.1179,4
12.779704,7.331549,6
8.149439,8.767692,5
-2.8049963,11.053589,4
12.389865,10.469513,5
10.688818,10.317544,5
6.8102775,12.720365,-1
8.5951,13.513257,2
10.869825,8.440066,5
11.026622,11.293265,5
9.488016,10.404661,5
10.123302,11.639554,5
-2.1851718,11.504286,4
12.553576,7.5693197,6
10.466387,8.630355,5
10.430261,10.224868,5
12.4231,11.011611,5
9.463231,8.201005,5
-1.4911543,11.9179945,4
7.980784,14.156126,2
12.552148,9.3927355,5
10.462012,11.047818,5
8.469248,13.37544,2
8.027616,13.201742,2
3.791379,13.595478,-1
-1.8597137,10.534943,4
9.788671,11.67496,5
5.2622075,10.857101,0
-0.6851706,12.433219,4
11.130569,8.886528,5
11.05282,11.470415,5
7.49818,13.948988,2
-1.9552364,11.957161,4
0.44855782,10.62156,3
-3.0900214,11.285431,4
-2.6181858,9.4785385,4
9.979516,9.559785,5
-2.8629432,9.8032465,4
10.050214,9.903104,5
8.789076,10.987773,5
8.208381,13.295644,2
13.026712,7.983666,6
-1.9957058,8.725336,4
9.132793,7.9737062,5
0.8764289,12.242013,3
0.6981345,11.66584,3
3.2562408,13.110639,7
-1.4155558,11.929423,4
0.5648221,11.626549,3
-1.4650784,12.0746765,4
9.84179,8.101449,5
8.664671,10.911769,5
10.961312,12.42908,5
4.6039577,11.150781,0
12.986901,8.065364,6
8.771558,13.806631,2
-1.6627197,11.7315035,4
10.956834,11.006634,5
9.099049,12.14173,5
-2.8903856,10.128827,4
2.871429,11.023053,1
9.375661,8.2408905,5
10.335318,8.924353,5
1.4334391,12.684018,3
-1.5746726,11.93401,4
10.323535,10.871017,5
-1.3759295,11.651319,4
9.261902,8.072047,5
7.3840528,13.131258,2
-1.6744511,11.065891,4
-2.4321907,10.97579,4
0.9063454,12.153536,3
9.81945,11.6405,5
10.931797,9.818986,5
11.723857,9.645942,5
4.71071,10.636804,0
9.458817,11.996407,5
-2.6431718,9.861615,4
10.506674,7.9280214,5
11.401873,8.254172,5
5.2274904,11.139055,0
8.9501295,7.6563587,5
10.445428,9.649681,5
-3.0488465,10.810483,4
-0.78094953,9.75275,4
-1.84272,10.000526,4
-2.1469872,9.476105,4
11.226795,8.673566,5
2.572804,11.29184,1
0.45624617,12.623552,3
9.150062,11.518917,5
-2.2782516,11.407965,4
9.525743,8.12563,5
5.2089767,10.88691,0
-2.795049,11.421075,4
2.2789016,13.1245985,-1
12.347635,10.500266,5
-2.0367212,10.262483,4
9.558907,11.969111,5
10.552359,10.515259,5
10.781361,11.353405,5
9.193316,11.637907,5
8.803269,10.375042,5
8.982407,-0.56579024,-1
9.5378685,12.377129,5
9.927419,9.997974,5
2.9535663,13.228368,7
0.19807631,11.917011,3
0.2402165,11.751228,3
-1.5610032,11.237024,4
10.596333,12.313811,5
10.564331,11.959369,5
7.2262335,13.352901,2
8.742393,7.8967214,5
1.03311,12.221931,3
10.452209,8.774919,5
-1.0442628,9.40886,4
11.471277,10.666426,5
-0.95782286,11.86329,4
-2.2109423,11.5011,4
8.154637,13.728683,2
10.674371,7.775124,5
5.581073,11.340614,0
11.142524,8.511178,5
9.855416,11.59361,5
-1.1767052,9.604118,4
8.305412,13.635136,2
8.180253,13.50729,2
10.410257,11.437475,5
5.2498035,10.972558,0
5.3488145,11.130398,0
-0.9890232,10.837805,4
2.7730567,11.300707,1
9.94224,10.053794,5
-2.0029287,10.717025,4
10.677848,11.0337715,5
8.9515705,-0.55271965,-1
-1.7116356,11.424768,4
8.8245735,-0.40784606,-1
12.461426,9.332451,5
11.134952,8.205242,5
0.7028794,11.618585,3
10.388644,8.900745,5
7.404,14.06776,2
7.420376,14.125118,2
9.421033,11.257843,5
-3.6723418,11.109111,4
4.926206,10.903835,0
2.4480546,13.390988,-1
12.645527,10.773763,5
9.808974,8.150959,5
-2.5011768,9.828219,4
8.549934,13.903873,2
-0.832404,9.229635,4
-1.2252612,9.645403,4
-1.9182528,11.916716,4
10.657559,10.793728,5
-1.8965784,10.06435,4
8.631052,13.294504,2
-1.2390757,11.921901,4
-0.8044419,9.9009905,4
3.0990071,14.219357,8
0.136919,11.554307,3
11.708596,9.433236,5
10.577922,10.399901,5
-0.9720748,9.6513,4
2.8325825,13.755003,8
10.280497,9.779194,5
9.157522,10.252363,5
3.362151,13.110796,7
2.02775,12.888126,3
7.288301,13.432061,2
-1.6443572,10.992357,4
5.712068,11.388796,0
10.986117,8.484999,5
10.715286,12.438123,5
8.496701,9.489535,5
8.764339,9.05196,5
9.651024,11.373165,5
7.270584,14.002827,2
10.5355215,9.191907,5
7.930001,13.19903,2
4.5766306,11.128155,0
8.413707,13.908587,2
-1.1776863,11.533525,4
12.388373,10.549012,5
10.178896,11.509251,5
12.555437,7.4772,6
-1.0011898,10.2054405,4
8.965429,10.231227,5
8.663191,13.345852,2
2.6981292,10.953151,1
8.655287,10.774277,5
12.622168,7.3024735,6
8.142962,13.897462,2
8.982809,-0.53868175,-1
13.071291,7.7444887,6
9.214273,10.219829,5
9.499873,12.526684,5
11.262233,8.133487,5
-1.8672837,9.207425,4
10.148011,12.248211,5
5.018397,10.93013,0
-0.70179653,12.42786,4
10.354827,10.393421,5
9.632927,9.201182,5
12.510417,10.977879,5
2.8648765,13.518776,8
7.324019,13.309744,2
-2.7116897,10.905539,4
4.9125366,11.291178,0
8.590391,9.659143,5
11.092416,9.660954,5
10.151622,10.87539,5
12.847306,8.063352,6
13.327691,8.045774,6
10.340819,11.228084,5
7.5402613,13.954275,2
3.3458657,14.045563,8
10.474519,10.610023,5
11.764916,8.821453,5
7.4379444,14.1060505,2
12.408035,8.454424,-1
8.299203,8.645692,5
8.380202,8.385783,5
-1.4619837,9.141906,4
0.42643005,11.82297,3
8.700194,13.813908,2
6.023899,11.426159,0
13.123966,7.8517847,6
5.085336,11.25564,0
9.686508,12.150837,5
4.6948075,11.159893,0
8.4584465,8.008537,5
8.886348,7.6291294,5
1.9442574,12.83042,3
10.676111,11.26809,5
12.54753,9.241694,5
10.199599,10.817946,5
-3.6637995,11.023877,4
11.774757,9.342809,5
10.448066,8.771241,5
9.946539,7.641886,5
-1.6726851,11.718808,4
8.539181,13.799189,2
8.825939,10.073898,5
0.33239022,11.841675,3
-3.032464,10.306991,4
8.6173725,8.909647,5
-3.4519231,11.166132,4
9.6186075,8.131633,5
-2.3439202,11.3344755,4
9.803427,12.425207,5
0.49205858,12.692219,3
10.546057,12.132127,5
8.721735,13.483452,2
-0.26096064,10.238387,4
-2.234403,11.429797,4
10.273814,12.369613,5
3.1062624,11.035476,1
-0.83978355,10.272888,4
-0.7827312,9.324574,4
4.666553,11.165272,0
1.9573455,12.833665,3
-0.4906937,10.45279,4
8.339325,14.075713,2
-0.9584246,9.723421,4
-0.41491523,10.261352,4
13.1956625,7.9140167,6
11.076984,9.169809,5
9.818716,11.503811,5
-0.6860762,12.224661,4
-1.5295845,9.487526,4
9.649869,9.995487,5
-2.7289422,11.598065,4
0.093563035,11.611185,3
-0.5936617,10.150272,4
11.361175,8.581051,5
12.43787,10.400804,5
-2.5540488,9.558437,4
8.047948,8.774205,5
6.8154173,12.797518,-1
3.0072353,13.901533,8
3.2231002,13.126878,7
11.40246,9.984783,5
0.5453061,12.708019,3
-2.0026805,10.470067,4
11.86647,10.207654,5
3.615481,13.612783,8
10.689091,8.621834,5
-1.9902363,8.772988,4
-2.9673831,9.968868,4
9.353366,9.977877,5
1.1621927,11.9507475,3
12.478633,7.7068043,6
10.040651,10.03071,5
8.425423,8.356617,5
11.273346,9.689032,5
10.6066885,11.977945,5
12.279137,9.21155,5
12.493226,7.594831,6
9.01065,9.717706,5
11.224394,8.803656,5
-3.566584,10.9745865,4
9.987577,10.84633,5
9.243396,10.0563135,5
-0.96398556,12.241116,4
5.511947,11.248264,0
12.070725,10.186649,5
11.30123,8.535668,5
-3.53291,10.724894,4
0.68168825,11.424879,3
3.546576,12.683479,7
0.9138839,12.20915,3
-2.1219087,11.640583,4
3.2317624,12.999523,7
11.2268,10.521876,5
3.4465709,13.801478,8
9.253297,11.572518,5
-1.0038995,10.307239,4
9.316793,10.117097,5
9.628798,9.142061,5
8.89853,-0.4534623,-1
7.7532806,13.447544,2
10.1329775,7.726986,5
9.344235,7.862541,5
9.546448,12.33977,5
-1.3073916,10.42283,4
-2.9483137,10.263,4
7.4149613,12.894781,2
11.287923,8.324714,5
12.6031,9.420862,5
10.22109,10.336038,5
10.286866,11.358745,5
1.1140648,12.459336,3
12.66631,10.528181,5
2.597907,11.360615,1
10.7212,11.450481,5
2.9211154,13.701986,8
7.8436007,13.700645,2
-2.1657743,10.493549,4
8.734681,9.681152,5
7.6933064,13.22876,2
0.9576669,11.997925,3
8.895162,-0.45227173,-1
8.312523,8.560495,5
12.721178,10.398923,5
11.914317,9.49138,5
2.4949212,11.054633,1
11.334931,10.032013,5
10.016088,8.855911,5
-1.148578,10.557594,4
-3.5814047,11.205912,4
11.800626,10.187254,5
11.80796,9.228635,5
-1.983223,11.951032,4
-1.3355192,9.656223,4
9.283071,10.95003,5
-0.7797479,10.8877735,4
10.189609,10.783067,5
5.4226456,11.132959,0
7.3798046,14.0117,2
1.2140168,12.667816,3
-2.877032,10.329636,4
-0.9331346,12.150822,4
7.6247473,13.459663,2
10.639321,10.794939,5
-1.6588382,10.532983,4
0.40377593,12.0750065,3
11.932721,9.0945,5
8.110258,8.459488,5
-3.0141156,11.333791,4
9.957019,10.446393,5
9.81596,8.12116,5
8.102605,13.804078,2
11.926337,8.962118,5
4.7478976,10.700042,0
-2.0790553,11.752768,4
10.8904,9.388021,5
9.829884,11.570428,5
11.845508,8.918919,5
-3.5732093,11.147512,4
11.925504,9.625663,5
3.198729,13.014514,7
9.4392805,9.308309,5
-2.4728582,9.388837,4
-2.2254992,9.01708,4
8.813685,8.979518,5
-1.9401747,11.644493,4
-1.7193422,11.63494,4
10.581297,8.865299,5
8.116937,14.057038,2
-3.155064,10.319951,4
10.639294,9.247396,5
9.28149,9.950338,5
11.600533,9.535172,5
12.266379,9.113879,5
9.941025,10.679667,5
11.202781,10.61736,5
2.933352,14.21883,8
-1.5262319,9.337902,4
10.321164,11.143892,5
12.789802,7.881156,6
10.310597,11.4482355,5
12.461464,9.988028,5
-3.5182376,10.776279,4
4.8455496,10.85887,0
11.150995,11.579791,5
9.92237,7.6384315,5
4.1318398,12.134565,7
-3.6435997,11.117955,4
8.863505,7.5872803,5
9.07971,11.862908,5
0.63370895,10.9746275,3
11.359118,9.348586,5
1.2099472,12.071153,3
11.859855,10.548228,5
-1.4761202,9.852926,4
9.7297125,10.693595,5
11.897232,9.429227,5
12.981507,8.129776,6
5.6822557,11.419264,0
0.37344563,10.668113,3
8.2192,8.5376625,5
-2.5625029,9.970332,4
-1.2878064,11.03352,4
11.867478,8.886206,5
-1.2506217,9.5905,4
0.40244484,11.6015,3
-1.408922,9.886773,4
9.050789,7.9281616,5
12.601064,8.953216,5
5.0344505,11.204225,0
9.634334,7.831968,5
7.7881083,13.798471,2
8.957881,9.911147,5
8.062494,13.87186,2
10.795721,9.528466,5
-0.9503171,12.239073,4
11.813425,10.18643,5
-0.90375525,10.902874,4
8.638054,10.633865,5
11.679698,8.834567,5
7.609593,14.105697,2
2.7294135,11.089195,1
7.375731,14.129125,2
-1.0681899,10.349841,4
7.7571454,12.8128605,2
10.604645,10.949722,5
0.91874,11.546684,3
2.686818,11.11448,1
11.251918,12.297137,5
12.404115,7.5620217,6
-0.9608872,10.209148,4
9.339089,10.18568,5
0.8291421,11.288331,3
0.42990193,12.099361,3
-3.647167,11.053475,4
8.906456,-0.45485523,-1
-0.827527,9.790727,4
13.34295,8.075107,6
10.587354,11.2091875,5
9.197729,7.7253366,5
8.657385,7.827747,5
12.568072,10.761318,5
11.877263,10.015025,5
0.66568947,11.006845,3
11.029545,8.554083,5
2.4789202,11.634678,1
11.095914,8.218957,5
12.601466,7.7993503,6
-2.6225145,9.47771,4
11.10239,8.090352,5
11.833147,8.838176,5
-1.2184428,9.760362,4
-2.490182,9.426739,4
12.151805,8.235398,-1
5.4959183,11.242649,0
-3.5934424,10.914296,4
0.53828466,10.857852,3
-0.9389177,11.067385,4
13.119469,8.273462,6
11.919951,9.299132,5
3.1708412,14.117783,8
11.975398,10.207856,5
7.789368,13.948225,2
10.527082,11.964197,5
0.71318024,10.741087,3
9.4326725,10.241413,5
11.885399,8.569694,5
9.32546,9.05372,5
2.991026,13.875588,8
10.69661,12.479581,5
-2.9932353,11.358248,4
5.2464614,10.905763,0
7.72076,13.175786,2
4.118245,12.177512,7
3.2218008,12.963071,7
-3.0197694,11.402821,4
-1.048131,10.153187,4
12.451432,7.460461,6
8.627467,9.253803,5
6.6761193,12.490269,-1
10.534637,9.69131,5
13.177797,8.063298,6
10.207592,10.580607,5
8.369784,9.279435,5
9.815457,10.697624,5
8.819382,9.911486,5
